country,1965,1966,1967,1968,1969,1970,1971,1972,1973,1974,1975,1976,1977,1978,1979,1980,1981,1982,1983,1984,1985,1986,1987,1988,1989,1990,1991,1992,1993,1994,1995,1996,1997,1998,1999,2000,2001,2002,2003,2004,2005,2006,2007,2008,2009,2010,2011,2012,2013,2014,2015,2016,2017,2018,2019
Algeria,0.103,0.131,0.119,0.123,0.126,0.14,0.154,0.164,0.174,0.188,0.203,0.227,0.25,0.25,0.291,0.285,0.297,0.305,0.332,0.357,0.355,0.35,0.343,0.334,0.341,0.355,0.344,0.337,0.329,0.307,0.293,0.275,0.269,0.272,0.265,0.273,0.279,0.306,0.314,0.324,0.333,0.342,0.378,0.404,0.421,0.412,0.432,0.45,0.461,0.47,0.49,0.466,0.448,0.449,0.467
Argentina,0.995,1.01,1.02,1.03,1.05,0.926,0.973,0.959,0.945,0.937,0.867,0.888,0.92,0.906,0.945,0.87,0.791,0.747,0.751,0.696,0.62,0.702,0.738,0.727,0.649,0.604,0.611,0.636,0.622,0.591,0.583,0.599,0.592,0.599,0.551,0.551,0.524,0.479,0.488,0.507,0.534,0.554,0.609,0.621,0.601,0.672,0.664,0.684,0.727,0.706,0.718,0.694,0.67,0.632,0.616
Australia,1.34,1.55,1.66,1.76,1.76,1.91,1.97,1.97,2.07,2.17,2.12,2.14,2.21,2.19,2.2,2.09,1.99,1.97,1.91,1.97,1.85,1.86,1.87,1.92,1.96,1.96,1.88,1.86,1.94,1.99,2.03,2.03,2.05,2.02,2.07,2.03,2.02,1.99,1.97,2,1.95,2.08,2.01,1.98,1.93,1.88,1.97,2.01,2.02,2.01,1.91,1.89,1.96,1.99,1.95
Austria,0.761,0.832,0.88,1.01,1.11,1.21,1.35,1.45,1.56,1.39,1.4,1.52,1.46,1.57,1.64,1.6,1.45,1.38,1.33,1.29,1.29,1.36,1.4,1.38,1.35,1.4,1.5,1.45,1.45,1.42,1.42,1.46,1.48,1.54,1.51,1.47,1.59,1.62,1.74,1.68,1.67,1.66,1.56,1.54,1.45,1.51,1.4,1.39,1.43,1.36,1.34,1.38,1.39,1.4,1.42
Azerbaijan,,,,,,,,,,,,,,,,,,,,,1.24,1.28,1.18,1.19,1.14,1.18,1.12,1.07,1.06,0.95,0.846,0.756,0.712,0.744,0.711,0.779,0.488,0.443,0.511,0.545,0.63,0.557,0.519,0.407,0.371,0.361,0.436,0.45,0.484,0.468,0.471,0.465,0.463,0.481,0.49
Bangladesh,,,,,,,0.0103,0.0125,0.014,0.0143,0.0164,0.0173,0.0166,0.0172,0.0186,0.0204,0.0205,0.0197,0.0171,0.0168,0.0183,0.0192,0.0184,0.018,0.0191,0.018,0.0163,0.0178,0.0196,0.0199,0.0255,0.0254,0.0285,0.0309,0.0269,0.026,0.0304,0.0299,0.0305,0.0281,0.0278,0.0278,0.026,0.0261,0.0241,0.0266,0.034,0.036,0.0349,0.0388,0.0406,0.0441,0.0488,0.0552,0.0523
Belarus,,,,,,,,,,,,,,,,,,,,,2.56,3.01,2.96,2.85,2.66,2.45,2.37,2.02,1.43,1.17,1.07,1.05,0.919,0.872,0.804,0.797,0.783,0.821,0.845,0.849,0.791,0.93,0.851,0.842,0.98,0.787,0.899,1.11,0.748,0.853,0.725,0.711,0.709,0.77,0.792
Belgium,1.69,1.71,1.88,2.18,2.51,2.72,2.78,3,3.14,2.76,2.6,2.7,2.65,2.83,2.8,2.59,2.37,2.24,2.03,1.96,1.98,2.24,2.26,2.32,2.27,2.42,2.59,2.62,2.57,2.78,2.74,2.97,3.03,3.07,2.96,3.03,3.06,3.07,3.23,3.24,3.2,3.18,3.18,3.31,2.95,3.03,2.81,2.69,2.74,2.69,2.75,2.78,2.82,2.86,2.77
Brazil,0.178,0.189,0.19,0.222,0.237,0.262,0.281,0.316,0.38,0.4,0.403,0.426,0.426,0.453,0.465,0.438,0.407,0.403,0.373,0.369,0.366,0.396,0.399,0.399,0.394,0.381,0.379,0.404,0.412,0.433,0.444,0.466,0.492,0.505,0.504,0.491,0.496,0.479,0.459,0.469,0.475,0.479,0.494,0.512,0.502,0.542,0.571,0.581,0.611,0.625,0.579,0.544,0.546,0.52,0.52
Bulgaria,0.45,0.51,0.637,0.75,0.915,1.06,1.16,1.19,1.25,1.3,1.37,1.42,1.47,1.51,1.55,1.57,1.4,1.35,1.3,1.25,1.15,1.22,1.17,1.25,1.22,1.12,0.768,0.685,0.746,0.716,0.741,0.699,0.549,0.587,0.542,0.529,0.572,0.59,0.615,0.604,0.669,0.694,0.686,0.66,0.611,0.56,0.53,0.56,0.523,0.559,0.633,0.642,0.677,0.68,0.725
Canada,2.74,2.84,2.98,3.12,3.19,3.35,3.38,3.51,3.64,3.65,3.52,3.66,3.65,3.68,3.79,3.69,3.41,3.02,2.8,2.8,2.77,2.74,2.81,2.91,2.98,2.9,2.7,2.72,2.7,2.72,2.78,2.83,2.91,2.95,2.97,2.95,2.96,3.01,3.09,3.17,3.11,3.03,3.09,3.01,2.8,2.97,3.02,2.9,2.86,2.88,2.77,2.79,2.76,2.83,2.75
Chile,0.389,0.418,0.428,0.443,0.463,0.48,0.524,0.546,0.511,0.482,0.413,0.432,0.435,0.47,0.467,0.465,0.474,0.413,0.395,0.39,0.374,0.395,0.406,0.44,0.478,0.497,0.545,0.581,0.623,0.658,0.713,0.747,0.791,0.799,0.797,0.77,0.723,0.749,0.714,0.75,0.77,0.852,1.08,1.11,1.08,0.939,1.02,1,0.958,0.92,0.917,0.958,0.903,0.916,0.917
China,0.0151,0.019,0.0182,0.0194,0.0253,0.0341,0.0453,0.0508,0.0605,0.0681,0.0737,0.0828,0.086,0.0939,0.0924,0.0867,0.0811,0.0791,0.0796,0.0812,0.0834,0.0871,0.0907,0.0957,0.0983,0.0959,0.102,0.11,0.12,0.12,0.129,0.14,0.152,0.155,0.163,0.174,0.176,0.19,0.21,0.244,0.246,0.263,0.274,0.278,0.287,0.326,0.336,0.35,0.363,0.375,0.397,0.404,0.42,0.434,0.453
Colombia,0.205,0.228,0.223,0.242,0.226,0.249,0.251,0.28,0.262,0.284,0.279,0.288,0.282,0.281,0.292,0.271,0.272,0.272,0.276,0.269,0.273,0.264,0.273,0.281,0.283,0.282,0.284,0.306,0.32,0.324,0.336,0.34,0.34,0.326,0.284,0.274,0.253,0.245,0.251,0.248,0.254,0.248,0.242,0.261,0.235,0.261,0.277,0.298,0.297,0.313,0.326,0.333,0.32,0.319,0.319
Croatia,,,,,,,,,,,,,,,,,,,,,,,,,,0.958,0.681,0.685,0.73,0.758,0.849,0.812,0.879,1,0.995,0.889,0.917,0.964,1.07,1.01,1.04,1.06,1.09,1.03,1.01,0.855,0.813,0.734,0.71,0.749,0.782,0.79,0.851,0.829,0.802
Cyprus,0.678,0.769,0.824,0.906,1.06,1.1,1.3,1.44,1.53,1.35,1.11,1.11,1.25,1.26,1.27,1.27,1.21,1.44,1.52,1.52,1.49,1.59,1.85,1.95,1.97,2.04,2.08,2.33,2.4,2.32,2.4,2.41,2.41,2.58,2.65,2.71,2.68,2.6,2.72,2.6,2.87,2.79,2.78,2.8,2.69,2.56,2.49,2.29,2.02,2.03,2.05,2.22,2.25,2.2,2.17
Czech Republic,0.407,0.45,0.501,0.553,0.593,0.711,0.78,0.851,0.952,0.971,1.07,1.12,1.16,1.19,1.21,1.12,1.1,1.01,0.986,1.05,1.03,0.986,0.994,0.954,0.908,0.817,0.686,0.655,0.663,0.68,0.771,0.806,0.767,0.796,0.791,0.765,0.81,0.787,0.843,0.929,0.968,0.952,0.939,0.937,0.898,0.845,0.857,0.843,0.805,0.851,0.838,0.779,0.912,0.92,0.925
Denmark,2.19,2.47,2.6,2.8,3.35,3.71,3.63,3.82,3.51,3.16,3.11,3.29,3.28,3.26,3.11,2.65,2.5,2.15,2.04,2.02,2.08,2.05,1.88,1.87,1.8,1.76,1.78,1.75,1.83,1.95,2.02,2.19,2.1,2.02,2,1.94,1.85,1.78,1.71,1.68,1.69,1.71,1.72,1.67,1.49,1.5,1.45,1.33,1.32,1.32,1.33,1.3,1.3,1.31,1.34
Ecuador,0.126,0.128,0.134,0.156,0.16,0.178,0.191,0.191,0.206,0.229,0.217,0.238,0.289,0.287,0.297,0.371,0.406,0.433,0.387,0.378,0.455,0.45,0.443,0.515,0.523,0.521,0.571,0.555,0.545,0.58,0.558,0.614,0.687,0.678,0.581,0.513,0.524,0.512,0.515,0.532,0.57,0.593,0.593,0.601,0.602,0.684,0.691,0.705,0.736,0.763,0.726,0.669,0.642,0.683,0.65
Egypt,0.228,0.238,0.189,0.193,0.139,0.176,0.177,0.198,0.182,0.197,0.213,0.246,0.257,0.26,0.278,0.304,0.341,0.379,0.406,0.427,0.422,0.413,0.418,0.413,0.418,0.423,0.407,0.387,0.361,0.351,0.373,0.387,0.4,0.413,0.412,0.395,0.372,0.353,0.356,0.362,0.395,0.373,0.391,0.41,0.424,0.439,0.399,0.409,0.404,0.424,0.431,0.433,0.392,0.359,0.345
Estonia,,,,,,,,,,,,,,,,,,,,,2.25,2.21,2.21,2.21,2.27,2.24,1.99,1.1,1.2,1.13,0.908,0.979,0.976,0.974,0.883,0.791,0.915,1.03,0.984,1.01,1.03,1.08,1.16,1.11,0.999,1.03,1,1.2,1.19,1.1,1.1,1.07,1.11,1.09,1.11
Finland,1.25,1.51,1.58,1.79,2.08,2.33,2.41,2.55,2.84,2.46,2.53,2.71,2.63,2.64,2.79,2.67,2.55,2.34,2.16,2.18,2.19,2.28,2.26,2.22,2.21,2.27,2.24,2.2,2.11,2.18,1.97,2.04,2.01,2.1,2.11,2.11,2.06,2.14,2.2,2.05,2.12,2.03,2.05,1.99,1.86,1.94,1.83,1.74,1.81,1.7,1.68,1.81,1.72,1.69,1.62
France,1.11,1.17,1.33,1.43,1.65,1.86,2.01,2.21,2.45,2.31,2.09,2.26,2.15,2.23,2.21,2.04,1.83,1.68,1.64,1.56,1.53,1.55,1.55,1.53,1.57,1.58,1.66,1.65,1.59,1.53,1.54,1.56,1.57,1.62,1.64,1.6,1.6,1.55,1.54,1.54,1.51,1.5,1.45,1.42,1.35,1.3,1.26,1.21,1.19,1.14,1.14,1.13,1.13,1.12,1.11
Germany,1.13,1.26,1.29,1.44,1.61,1.77,1.83,1.93,2.06,1.86,1.81,1.96,1.94,2.01,2.08,1.88,1.71,1.62,1.58,1.58,1.63,1.71,1.66,1.65,1.55,1.61,1.67,1.68,1.69,1.67,1.67,1.69,1.68,1.68,1.63,1.59,1.61,1.56,1.52,1.51,1.48,1.48,1.34,1.43,1.37,1.39,1.34,1.33,1.36,1.31,1.3,1.33,1.35,1.28,1.28
Greece,0.525,0.57,0.667,0.679,0.719,0.774,0.85,0.979,1.13,1.05,1.1,1.16,1.16,1.25,1.3,1.29,1.23,1.21,1.16,1.18,1.2,1.21,1.31,1.35,1.47,1.57,1.58,1.58,1.61,1.63,1.68,1.74,1.74,1.81,1.76,1.83,1.85,1.86,1.93,1.89,1.91,2.02,2.06,1.97,1.87,1.71,1.62,1.44,1.37,1.36,1.41,1.43,1.48,1.45,1.52
Hungary,0.371,0.406,0.427,0.445,0.495,0.572,0.642,0.696,0.78,0.852,0.955,0.993,1.05,1.16,1.08,1.05,1,0.952,0.906,0.955,0.977,0.906,0.955,0.886,0.859,0.893,0.773,0.781,0.742,0.785,0.739,0.681,0.687,0.723,0.697,0.67,0.656,0.63,0.605,0.627,0.729,0.769,0.767,0.729,0.688,0.651,0.699,0.648,0.639,0.716,0.759,0.756,0.808,0.867,0.877
Iceland,2.44,2.59,2.48,2.62,2.37,2.39,2.57,2.72,3.11,2.87,2.66,2.64,2.74,2.86,2.76,2.55,2.47,2.22,2.14,2.2,2.16,2.17,2.32,2.39,2.53,2.56,2.38,2.54,2.61,2.62,2.61,2.89,2.81,2.85,2.81,2.84,2.64,2.73,2.73,2.82,2.84,2.84,2.8,2.54,2.31,2.19,2.14,2.1,2.19,2.3,2.47,2.7,3,3.17,2.75
India,0.0253,0.0277,0.028,0.0307,0.0361,0.0351,0.0361,0.038,0.0392,0.0375,0.0375,0.0386,0.0405,0.043,0.0454,0.0453,0.0476,0.0483,0.0497,0.0521,0.0553,0.0568,0.0573,0.0615,0.0652,0.0663,0.066,0.0681,0.0674,0.071,0.0778,0.0823,0.0862,0.0905,0.097,0.1,0.0995,0.104,0.106,0.107,0.107,0.111,0.118,0.121,0.126,0.127,0.131,0.138,0.138,0.14,0.15,0.164,0.169,0.174,0.177
Indonesia,0.061,0.0572,0.0536,0.0551,0.0572,0.0592,0.0596,0.0626,0.0729,0.0743,0.0831,0.0874,0.1,0.107,0.114,0.125,0.136,0.138,0.133,0.137,0.132,0.141,0.144,0.149,0.155,0.175,0.182,0.193,0.199,0.201,0.211,0.221,0.241,0.226,0.233,0.259,0.259,0.265,0.264,0.278,0.272,0.255,0.266,0.255,0.255,0.267,0.298,0.303,0.301,0.299,0.271,0.269,0.28,0.288,0.285
Iran,0.285,0.303,0.326,0.349,0.37,0.389,0.414,0.448,0.523,0.588,0.667,0.733,0.824,0.8,0.812,0.721,0.69,0.721,0.84,0.873,0.921,0.818,0.82,0.834,0.867,0.874,0.906,0.946,1.01,1.04,1.02,1.05,1.07,1.02,1.01,1.03,1.03,1.02,1.02,1.03,1.13,1.21,1.23,1.28,1.25,1.12,1.13,1.14,1.23,1.13,0.983,0.995,0.985,0.985,1.08
Iraq,0.158,0.165,0.173,0.181,0.189,0.246,0.255,0.306,0.286,0.274,0.264,0.318,0.36,0.327,0.382,0.495,0.517,0.522,0.581,0.619,0.709,0.74,0.75,0.801,0.874,0.85,0.616,0.952,1.3,1.44,1.36,1.37,1.61,1.04,0.718,0.93,1.05,0.956,0.882,0.927,0.851,0.86,0.81,0.788,0.884,0.917,0.976,1,1.04,0.954,0.933,1.01,0.936,0.893,0.886
Ireland,0.858,0.954,1.06,1.18,1.27,1.41,1.54,1.67,1.78,1.73,1.67,1.66,1.74,1.83,1.9,1.69,1.48,1.28,1.15,1.13,1.12,1.38,1.21,1.09,1.13,1.26,1.38,1.44,1.45,1.57,1.59,1.66,1.8,2,2.24,2.19,2.33,2.25,2.15,2.18,2.25,2.19,2.17,2.03,1.77,1.65,1.51,1.44,1.44,1.43,1.48,1.53,1.5,1.54,1.53
Israel,1.56,1.58,1.61,1.64,1.67,1.7,1.72,1.74,1.78,1.76,1.76,1.81,1.84,1.92,2.06,2.16,2.16,2.05,1.9,1.74,1.61,1.65,1.81,1.97,1.98,2,1.99,2.02,2.02,2.16,2.35,2.28,2.1,2.18,2.27,2.27,2.06,2,2.01,1.85,1.87,1.76,1.8,1.71,1.5,1.53,1.58,1.83,1.33,1.24,1.3,1.31,1.41,1.36,1.36
Italy,1.01,1.11,1.22,1.33,1.45,1.63,1.74,1.81,1.9,1.83,1.71,1.78,1.72,1.78,1.84,1.74,1.69,1.6,1.57,1.49,1.48,1.52,1.58,1.61,1.64,1.64,1.62,1.65,1.62,1.62,1.67,1.65,1.66,1.67,1.67,1.65,1.63,1.62,1.6,1.54,1.48,1.48,1.43,1.35,1.25,1.21,1.16,1.08,0.976,0.92,0.956,0.961,0.967,0.992,0.951
Japan,0.893,1,1.22,1.4,1.63,1.9,2.06,2.17,2.46,2.33,2.17,2.23,2.27,2.3,2.3,2.05,1.92,1.77,1.76,1.83,1.72,1.73,1.73,1.86,1.92,1.98,2,2.04,1.99,2.1,2.13,2.14,2.1,2.02,2.05,2.02,1.95,1.91,1.95,1.9,1.93,1.85,1.8,1.75,1.56,1.57,1.58,1.69,1.61,1.53,1.48,1.44,1.42,1.38,1.37
Kazakhstan,,,,,,,,,,,,,,,,,,,,,1.32,1.19,1.14,1.13,1.15,1.32,1.33,1.25,0.972,0.769,0.756,0.651,0.664,0.56,0.467,0.515,0.517,0.529,0.572,0.592,0.599,0.639,0.692,0.713,0.581,0.605,0.696,0.688,0.71,0.7,0.769,0.781,0.795,0.835,0.85
Kuwait,11.5,10.2,9.01,8.04,7.22,6.54,6.03,6.14,5.5,4.75,3.57,3.9,3.55,3.59,3.79,3.06,3.98,4.37,4.59,4.61,4.33,4.23,3.95,3.7,3.62,1.56,1.72,2.57,2.87,4.13,4.41,4.25,4.39,5.74,6.02,5.77,5.79,6.16,7.22,8.08,8.6,7.46,7.13,7.16,7.24,7.06,6.15,6.51,6.43,5.25,5.3,5.34,4.59,4.43,4.24
Latvia,,,,,,,,,,,,,,,,,,,,,2.22,1.86,1.5,1.33,1.32,1.24,1.21,0.935,0.849,0.816,0.745,0.795,0.711,0.686,0.644,0.531,0.623,0.626,0.638,0.692,0.742,0.706,0.775,0.772,0.713,0.813,0.754,0.762,0.779,0.793,0.842,0.878,0.907,0.85,0.942
Lithuania,,,,,,,,,,,,,,,,,,,,,2.44,2.02,2.2,2.09,2.13,2.03,2.23,1.18,1.03,0.964,0.875,0.914,0.911,1.06,0.874,0.677,0.789,0.734,0.709,0.768,0.829,0.842,0.836,0.929,0.811,0.845,0.828,0.858,0.844,0.834,0.926,1.02,1.08,1.16,1.17
Luxembourg,2.52,2.85,3.13,3.44,3.79,3.99,4.13,4.29,4.72,4.21,3.71,3.99,3.89,3.89,3.56,2.95,2.83,2.79,2.66,2.65,2.81,3.05,3.45,3.51,3.83,4.15,4.77,4.84,4.76,4.68,4.32,4.41,4.54,4.65,4.91,5.22,5.49,5.55,5.92,6.65,6.73,6.3,6.01,5.93,5.42,5.56,5.55,5.24,5.04,4.76,4.57,4.47,4.57,4.74,4.74
Malaysia,0.24,0.272,0.27,0.267,0.269,0.29,0.31,0.336,0.356,0.346,0.356,0.388,0.431,0.453,0.535,0.591,0.615,0.627,0.655,0.628,0.61,0.567,0.565,0.596,0.598,0.701,0.734,0.783,0.841,0.903,0.921,0.982,1.11,0.918,0.986,0.966,0.983,1.08,1.12,1.11,1.09,1.1,1.15,1.08,1.05,1.03,1.1,1.13,1.18,1.17,1.06,1.18,1.1,1.1,1.11
Mexico,0.336,0.341,0.354,0.373,0.382,0.398,0.41,0.449,0.465,0.512,0.55,0.591,0.594,0.652,0.681,0.74,0.789,0.797,0.759,0.786,0.801,0.793,0.816,0.798,0.837,0.857,0.875,0.868,0.851,0.904,0.827,0.833,0.849,0.88,0.859,0.887,0.859,0.809,0.822,0.844,0.853,0.83,0.849,0.834,0.794,0.783,0.787,0.792,0.76,0.714,0.697,0.691,0.656,0.627,0.587
Morocco,0.0671,0.0949,0.102,0.109,0.115,0.118,0.122,0.127,0.149,0.157,0.159,0.17,0.187,0.196,0.217,0.215,0.206,0.212,0.209,0.213,0.207,0.199,0.194,0.204,0.22,0.224,0.219,0.254,0.254,0.271,0.253,0.234,0.246,0.24,0.262,0.241,0.238,0.246,0.243,0.286,0.308,0.308,0.318,0.346,0.345,0.379,0.4,0.397,0.397,0.37,0.356,0.359,0.375,0.361,0.366
Netherlands,2.06,2.21,2.23,2.37,2.56,2.81,2.74,3.01,3.07,2.61,2.55,2.84,2.71,2.74,2.95,2.74,2.55,2.2,2.07,2.03,2.04,2.25,2.25,2.38,2.33,2.4,2.3,2.38,2.34,2.31,2.42,2.41,2.49,2.5,2.54,2.56,2.67,2.66,2.65,2.75,2.91,2.89,2.95,2.8,2.66,2.69,2.73,2.58,2.44,2.32,2.26,2.33,2.23,2.28,2.24
New Zealand,1.03,1.13,1.17,1.19,1.22,1.41,1.43,1.51,1.57,1.48,1.41,1.44,1.43,1.36,1.37,1.31,1.23,1.22,1.16,1.17,1.09,0.988,1.18,1.13,1.14,1.25,1.26,1.27,1.25,1.42,1.52,1.53,1.59,1.6,1.6,1.62,1.61,1.64,1.72,1.69,1.72,1.71,1.71,1.71,1.62,1.61,1.64,1.59,1.59,1.6,1.65,1.67,1.73,1.72,1.71
North Macedonia,,,,,,,,,,,,,,,,,,,,,,,,,,0.54,0.482,0.524,0.563,0.437,0.408,0.62,0.516,0.464,0.461,0.473,0.389,0.437,0.421,0.429,0.442,0.465,0.504,0.454,0.468,0.452,0.469,0.454,0.442,0.438,0.468,0.519,0.491,0.469,0.51
Norway,1.37,1.53,1.57,1.74,1.9,2.12,2.07,2.15,2.17,1.97,2.02,2.22,2.18,2.43,2.4,2.3,2.13,2.04,2.01,2.07,2.17,2.33,2.29,2.13,2.16,2.06,1.89,1.94,2.03,2.07,2.03,2.17,2.19,2.18,2.14,1.97,2.23,2.14,2.2,2.14,2.12,2.15,2.11,2.07,2.06,2.13,2.04,1.99,2,1.85,1.86,1.76,1.73,1.79,1.66
Oman,0.707,0.718,0.729,0.74,0.748,0.757,1.78,1.97,1.64,1.44,1.25,1.36,1.24,1.11,1.09,0.767,0.71,1.02,0.729,1.15,0.942,0.62,0.694,0.604,0.775,1.13,1.8,1.51,1.38,1.16,1.24,1.18,1.02,1.03,1.32,1.4,1.55,1.78,1.67,1.59,1.73,1.75,1.62,2.13,1.93,2.09,2.04,2.06,2.22,2.13,2.02,1.98,2.49,2.82,2.84
Pakistan,0.0742,0.0742,0.0808,0.0896,0.0818,0.0788,0.0718,0.0579,0.0577,0.0604,0.0609,0.059,0.0602,0.0615,0.0635,0.0643,0.066,0.0703,0.075,0.0788,0.0814,0.0849,0.09,0.094,0.0977,0.0993,0.102,0.108,0.115,0.12,0.127,0.129,0.13,0.13,0.131,0.132,0.126,0.12,0.104,0.102,0.0951,0.107,0.114,0.113,0.118,0.115,0.113,0.107,0.115,0.116,0.123,0.135,0.136,0.11,0.0954
Peru,0.32,0.388,0.381,0.372,0.357,0.365,0.351,0.292,0.337,0.389,0.382,0.376,0.365,0.352,0.358,0.376,0.374,0.355,0.306,0.309,0.296,0.308,0.324,0.312,0.27,0.264,0.239,0.245,0.251,0.268,0.299,0.304,0.309,0.292,0.295,0.283,0.264,0.258,0.241,0.266,0.26,0.245,0.255,0.282,0.287,0.293,0.337,0.317,0.329,0.32,0.349,0.361,0.349,0.354,0.354
Philippines,0.135,0.143,0.157,0.174,0.181,0.201,0.226,0.215,0.246,0.224,0.235,0.235,0.25,0.25,0.252,0.23,0.21,0.197,0.2,0.159,0.137,0.14,0.159,0.167,0.182,0.186,0.175,0.21,0.212,0.218,0.241,0.246,0.258,0.255,0.236,0.213,0.207,0.191,0.186,0.188,0.171,0.151,0.154,0.145,0.148,0.153,0.141,0.144,0.148,0.155,0.173,0.183,0.193,0.191,0.192
Poland,0.172,0.178,0.191,0.237,0.259,0.272,0.286,0.319,0.351,0.368,0.397,0.435,0.461,0.489,0.494,0.482,0.447,0.419,0.428,0.436,0.44,0.452,0.455,0.464,0.458,0.417,0.392,0.356,0.367,0.386,0.388,0.454,0.472,0.54,0.564,0.518,0.506,0.516,0.525,0.561,0.582,0.628,0.649,0.668,0.661,0.699,0.696,0.671,0.624,0.628,0.658,0.724,0.786,0.806,0.814
Portugal,0.29,0.298,0.332,0.358,0.377,0.522,0.589,0.634,0.688,0.723,0.746,0.772,0.752,0.77,0.815,0.865,0.912,0.948,0.956,0.95,0.915,0.974,0.945,0.987,1.25,1.14,1.19,1.31,1.23,1.22,1.38,1.3,1.4,1.53,1.58,1.54,1.54,1.57,1.47,1.49,1.54,1.36,1.37,1.32,1.22,1.19,1.12,1.03,1.06,1.06,1.08,1.07,1.12,1.09,1.16
Qatar,0.638,0.589,0.823,0.987,1.06,0.849,0.745,0.812,0.971,1.22,1.36,1.77,2.25,2.07,2.11,3.1,3.05,3.78,3.71,3.8,4.92,5.41,5.43,3.38,3.59,3.6,3.02,3.1,3.11,3.28,3.4,3.54,3.66,3.65,3.45,2.86,3.37,4.18,4.12,3.94,4.13,4.54,4.31,4.36,3.65,3.49,3.92,3.74,3.99,3.98,4.44,4.52,3.9,3.94,4.21
Romania,0.369,0.38,0.425,0.442,0.487,0.521,0.523,0.553,0.615,0.562,0.63,0.696,0.747,0.826,0.872,0.821,0.733,0.717,0.639,0.61,0.651,0.697,0.763,0.712,0.733,0.796,0.664,0.542,0.521,0.487,0.588,0.569,0.603,0.533,0.425,0.451,0.482,0.487,0.434,0.503,0.491,0.486,0.489,0.493,0.436,0.42,0.437,0.444,0.408,0.438,0.449,0.475,0.501,0.517,0.549
Russia,,,,,,,,,,,,,,,,,,,,,1.73,1.74,1.74,1.72,1.74,1.71,1.66,1.58,1.32,1.17,1.02,0.875,0.869,0.835,0.855,0.842,0.871,0.841,0.875,0.865,0.87,0.909,0.907,0.933,0.894,0.929,0.99,1,1,1.05,0.995,1.02,1,1.02,1.03
Saudi Arabia,4.04,3.94,3.83,3.73,3.62,3.6,3.49,3.56,3.59,3.58,2.6,2.88,3.17,3.25,3.72,2.86,3.24,3.38,3.52,3.7,3.56,3.33,3.38,3.32,3.07,3.15,3.19,3,2.93,3.46,3.23,3.27,3.26,3.41,3.46,3.49,3.58,3.59,3.69,3.87,3.96,4.02,4.15,4.42,4.73,4.98,4.92,5.01,4.88,5.21,5.28,5.09,4.9,4.67,4.63
Singapore,2.19,2.45,2.89,3.52,3.4,3.62,3.08,3.8,3.51,3.4,3.27,3.84,3.81,3.86,4.07,3.97,4.48,4.26,4.4,4.51,4.49,5.1,5.25,5.96,6.66,7.74,7.66,7.69,8.06,8.97,9.07,8.87,9.05,8.9,8.59,8.99,9.55,9.23,8.52,9.34,9.71,10.1,10.5,10.8,11.2,11.9,12.1,11.8,11.7,11.8,12.3,12.7,12.9,12.9,12.4
Slovak Republic,0.524,0.575,0.635,0.696,0.742,0.884,0.966,1.05,1.17,1.19,1.3,1.36,1.4,1.44,1.45,1.33,1.3,1.18,1.15,1.21,1.2,1.15,1.12,1.09,1.08,0.939,0.82,0.736,0.607,0.624,0.603,0.631,0.629,0.702,0.636,0.632,0.584,0.655,0.617,0.59,0.707,0.627,0.659,0.713,0.671,0.702,0.679,0.642,0.643,0.596,0.642,0.663,0.747,0.755,0.72
Slovenia,,,,,,,,,,,,,,,,,,,,,,,,,,0.83,0.801,0.778,0.937,1.02,1.1,1.28,1.28,1.23,1.24,1.17,1.22,1.18,1.2,1.25,1.27,1.33,1.3,1.5,1.26,1.26,1.25,1.22,1.16,1.15,1.12,1.21,1.23,1.27,1.19
South Africa,0.289,0.306,0.325,0.344,0.368,0.389,0.414,0.44,0.473,0.448,0.464,0.457,0.442,0.453,0.419,0.42,0.442,0.436,0.428,0.454,0.432,0.407,0.42,0.452,0.458,0.451,0.443,0.447,0.454,0.463,0.484,0.489,0.489,0.488,0.488,0.489,0.493,0.499,0.511,0.524,0.519,0.521,0.525,0.491,0.478,0.499,0.494,0.499,0.497,0.485,0.497,0.462,0.454,0.46,0.465
South Korea,0.0445,0.0652,0.111,0.16,0.213,0.26,0.288,0.295,0.356,0.361,0.401,0.444,0.52,0.586,0.65,0.634,0.618,0.605,0.622,0.615,0.639,0.687,0.714,0.847,0.964,1.15,1.38,1.65,1.79,1.94,2.09,2.22,2.41,2.01,2.14,2.19,2.17,2.19,2.2,2.16,2.15,2.14,2.2,2.1,2.1,2.12,2.12,2.17,2.15,2.13,2.24,2.4,2.4,2.38,2.34
Spain,0.442,0.517,0.62,0.651,0.734,0.828,0.902,0.939,1.12,1.16,1.19,1.33,1.24,1.25,1.31,1.38,1.33,1.25,1.24,1.16,1.11,1.1,1.15,1.17,1.23,1.19,1.22,1.37,1.3,1.36,1.45,1.49,1.54,1.66,1.71,1.71,1.77,1.76,1.78,1.81,1.8,1.78,1.76,1.68,1.55,1.5,1.43,1.34,1.25,1.25,1.29,1.34,1.34,1.37,1.36
Sri Lanka,0.0411,0.041,0.041,0.041,0.041,0.0803,0.0713,0.0768,0.0787,0.0611,0.058,0.0565,0.0588,0.0672,0.068,0.0674,0.0782,0.0863,0.0932,0.0773,0.0704,0.0696,0.0781,0.0744,0.0699,0.0736,0.077,0.0896,0.086,0.0944,0.101,0.123,0.133,0.141,0.153,0.181,0.176,0.184,0.181,0.179,0.202,0.209,0.22,0.199,0.208,0.205,0.218,0.224,0.187,0.162,0.198,0.231,0.247,0.245,0.263
Sweden,2.51,2.82,2.79,3.13,3.32,3.59,3.36,3.44,3.5,3.14,3.11,3.42,3.31,4,4.3,3.79,3.4,3.16,2.73,2.61,2.8,2.97,2.54,2.35,2.25,2.24,1.9,1.99,1.95,2.05,1.93,2.07,1.93,2.19,2.1,1.8,1.82,1.85,1.98,1.89,1.89,1.89,1.83,1.72,1.64,1.62,1.49,1.46,1.42,1.39,1.35,1.39,1.37,1.3,1.32
Switzerland,1.38,1.45,1.55,1.7,1.83,2.04,2.14,2.18,2.33,2.06,1.97,2.05,2.07,2.13,2.05,2.04,1.88,1.77,1.93,1.85,1.87,2.04,1.9,1.9,1.81,1.92,1.93,1.93,1.79,1.83,1.69,1.74,1.82,1.83,1.77,1.71,1.82,1.72,1.66,1.64,1.66,1.68,1.5,1.58,1.59,1.46,1.39,1.4,1.45,1.29,1.29,1.2,1.22,1.17,1.18
Thailand,0.0723,0.0829,0.0895,0.115,0.121,0.137,0.148,0.181,0.187,0.186,0.195,0.201,0.22,0.242,0.239,0.244,0.228,0.203,0.223,0.228,0.212,0.217,0.233,0.259,0.3,0.355,0.375,0.418,0.479,0.53,0.571,0.623,0.619,0.56,0.589,0.552,0.539,0.595,0.655,0.703,0.7,0.683,0.684,0.657,0.681,0.698,0.723,0.753,0.778,0.775,0.818,0.846,0.865,0.876,0.885
Trinidad and Tobago,2.09,2.08,2.16,2.19,2.28,2.31,2.37,3.85,3.82,3.71,2.79,3.1,2.98,2.63,1.99,1.54,1.5,1.64,1.39,1.17,1.23,1.32,0.855,0.764,0.681,1.04,0.961,1.38,1.19,0.895,1.02,1.19,0.673,0.777,1.4,1.37,1.27,1.44,1.36,1.49,1.3,1.41,1.61,1.71,1.62,1.68,1.56,1.48,1.66,1.48,1.6,1.69,1.56,1.47,1.37
Turkey,0.115,0.134,0.154,0.181,0.197,0.203,0.236,0.261,0.312,0.295,0.318,0.351,0.388,0.402,0.35,0.35,0.337,0.353,0.362,0.353,0.362,0.383,0.424,0.443,0.408,0.425,0.408,0.424,0.478,0.449,0.496,0.51,0.494,0.486,0.475,0.489,0.449,0.474,0.461,0.464,0.452,0.466,0.468,0.456,0.457,0.439,0.423,0.443,0.469,0.471,0.558,0.589,0.607,0.576,0.574
Turkmenistan,,,,,,,,,,,,,,,,,,,,,1.5,1.06,1.04,1.01,0.983,1.25,1.36,1.28,0.711,0.695,0.625,0.713,0.686,0.868,0.938,0.886,0.833,0.943,1.06,1.05,1.05,1.01,1.05,1.06,1,1.09,1.11,1.14,1.15,1.18,1.17,1.14,1.12,1.14,1.2
Ukraine,,,,,,,,,,,,,,,,,,,,,1.26,1.26,1.31,1.2,1.14,1.24,1.13,0.834,0.486,0.39,0.374,0.283,0.277,0.289,0.26,0.247,0.278,0.276,0.287,0.304,0.291,0.305,0.311,0.307,0.294,0.275,0.287,0.276,0.261,0.225,0.199,0.212,0.218,0.215,0.229
United Arab Emirates,0.464,0.464,0.47,0.488,0.488,0.491,0.49,0.541,0.71,0.83,1.15,1.46,1.89,1.82,2.23,4.98,5.06,5.3,5.04,5.49,6.5,7.42,7.64,8.62,8.52,8.42,9.84,9.35,9.14,9.09,8.63,7.94,7.68,7.25,6.71,6.27,5.87,5.76,5.97,5.89,5.44,5.07,4.65,4.25,3.71,3.66,3.78,3.85,4.24,4.26,4.55,4.8,4.66,4.78,4.57
United Kingdom,1.38,1.47,1.57,1.65,1.77,1.87,1.87,1.98,2.03,1.88,1.64,1.63,1.64,1.68,1.69,1.44,1.33,1.34,1.29,1.59,1.37,1.37,1.33,1.41,1.44,1.45,1.44,1.46,1.46,1.44,1.42,1.45,1.4,1.39,1.36,1.34,1.33,1.32,1.32,1.35,1.39,1.37,1.31,1.27,1.19,1.17,1.14,1.1,1.07,1.06,1.08,1.11,1.11,1.08,1.05
United States,2.76,2.87,2.95,3.12,3.27,3.37,3.45,3.7,3.87,3.68,3.58,3.81,3.98,3.86,3.74,3.43,3.17,2.97,2.92,2.99,2.95,3.05,3.08,3.18,3.15,3.05,2.95,2.99,2.98,3.03,2.99,3.06,3.06,3.08,3.12,3.12,3.08,3.06,3.08,3.16,3.14,3.07,3.02,2.79,2.62,2.63,2.56,2.48,2.5,2.5,2.53,2.53,2.54,2.58,2.56
Uzbekistan,,,,,,,,,,,,,,,,,,,,,0.643,0.643,0.595,0.716,0.668,0.495,0.511,0.406,0.422,0.354,0.293,0.284,0.296,0.287,0.291,0.286,0.271,0.263,0.282,0.286,0.194,0.192,0.171,0.165,0.152,0.127,0.118,0.103,0.0956,0.0886,0.0811,0.0738,0.0697,0.0664,0.0633
Venezuela,0.986,0.935,0.921,0.973,0.93,0.942,0.92,0.976,1.04,1.01,1.05,1,1.09,1.11,1.15,1.37,1.41,1.35,1.29,1.18,1.18,1.2,1.11,1.12,1.07,1.05,0.969,1.14,0.999,1.1,1.03,0.811,0.861,0.949,1,0.988,1.1,1.12,0.942,1,1.07,1.17,1.09,1.22,1.22,1.2,1.2,1.27,1.23,1.12,0.984,0.834,0.722,0.635,0.567
Vietnam,0.0392,0.0833,0.119,0.118,0.139,0.14,0.116,0.117,0.112,0.067,0.0624,0.0159,0.0156,0.0186,0.021,0.0356,0.0303,0.0301,0.0337,0.0322,0.0319,0.0348,0.0397,0.0406,0.0368,0.0422,0.0403,0.0432,0.0545,0.0592,0.064,0.0726,0.0817,0.0892,0.0968,0.103,0.111,0.121,0.127,0.15,0.146,0.141,0.156,0.163,0.163,0.174,0.188,0.19,0.201,0.204,0.224,0.234,0.239,0.247,0.255
